This is resume text,resume,resume
This is invoice text,invoice,invoice
"About Me
I’m a recent graduate with a Bachelor's degree in Applied
Mathematics, passionate about solving real-world problems
using data-driven methods. I’m actively developing skills in
Data Science, ",resume,resume
"About Me
I’m a recent graduate with a Bachelor's degree in Applied
Mathematics, passionate about solving real-world problems
using data-driven methods. I’m actively developing skills in
Data Science, ",resume,resume
"About Me
I’m a recent graduate with a Bachelor's degree in Applied
Mathematics, passionate about solving real-world problems
using data-driven methods. I’m actively developing skills in
Data Science, ",resume,resume
"About Me
I’m a recent graduate with a Bachelor's degree in Applied
Mathematics, passionate about solving real-world problems
using data-driven methods. I’m actively developing skills in
Data Science, ",resume,resume
"About Me
I’m a recent graduate with a Bachelor's degree in Applied
Mathematics, passionate about solving real-world problems
using data-driven methods. I’m actively developing skills in
Data Science, ",resume,resume
"About Me
I’m a recent graduate with a Bachelor's degree in Applied
Mathematics, passionate about solving real-world problems
using data-driven methods. I’m actively developing skills in
Data Science, ",resume,resume
"About Me
I’m a recent graduate with a Bachelor's degree in Applied
Mathematics, passionate about solving real-world problems
using data-driven methods. I’m actively developing skills in
Data Science, ",resume,resume
"About Me
I’m a recent graduate with a Bachelor's degree in Applied
Mathematics, passionate about solving real-world problems
using data-driven methods. I’m actively developing skills in
Data Science, ",resume,resume
